[{"relationship_ends":[{"catalog_id":"69487231-bfd4-47d5-8e6f-938832ef5344","project_id":"d6e393d3-a3a7-4714-9650-4d3922e6eb54","asset_id":"dc2cd37a-dd7d-4bd0-bf8e-2f860a30c6a8","relationship_name":"uses","relationship_display_name":"Uses","asset_type":"job","href":"https://api.dataplatform.cloud.ibm.com/v2/assets/dc2cd37a-dd7d-4bd0-bf8e-2f860a30c6a8?project_id=d6e393d3-a3a7-4714-9650-4d3922e6eb54","created":1759741789431,"updated":1759741789431,"creator_id":"IBMid-6920008HJD","updater_id":"IBMid-6920008HJD","localized_display_name":{"default":"Uses","en":"Uses","de":"Verwendet","es":"Usos","fr":"Utilisations","it":"Utilizza","ja":"使用","ko":"사용","pt":"Usa","ru":"Использует","sv":"Använder","zh":"使用","zh-TW":"使用","pl":"Używa","eo":"$dad2c6ab#Uses]}"}},{"catalog_id":"69487231-bfd4-47d5-8e6f-938832ef5344","project_id":"d6e393d3-a3a7-4714-9650-4d3922e6eb54","asset_id":"e05ecc2f-70e0-422a-8995-c8302844191e","relationship_name":"is_used_by","relationship_display_name":"Is used by","asset_type":"metadata_import","href":"https://api.dataplatform.cloud.ibm.com/v2/assets/e05ecc2f-70e0-422a-8995-c8302844191e?project_id=d6e393d3-a3a7-4714-9650-4d3922e6eb54","created":1759741789431,"updated":1759741789431,"creator_id":"IBMid-6920008HJD","updater_id":"IBMid-6920008HJD","localized_display_name":{"default":"Is used by","en":"Is used by","de":"Wird verwendet von","es":"Es utilizado por","fr":"Est utilisé par","it":"Viene utilizzato da","ja":"使用される","ko":"은(는) 다음에 의해 사용됨","pt":"É usado por","ru":"Используется","sv":"Används av","zh":"被使用","zh-TW":"由下列項目使用","pl":"Jest używane przez","eo":"$9392c9de#Is used by]}"}}]},{"relationship_ends":[{"catalog_id":"69487231-bfd4-47d5-8e6f-938832ef5344","project_id":"d6e393d3-a3a7-4714-9650-4d3922e6eb54","asset_id":"139f5b33-65e6-4e71-aa5d-5045c1f18972","relationship_name":"wxbi-mdi","relationship_display_name":"Metadata import","asset_type":"wxbi_semantic_model","href":"https://api.dataplatform.cloud.ibm.com/v2/assets/139f5b33-65e6-4e71-aa5d-5045c1f18972?project_id=d6e393d3-a3a7-4714-9650-4d3922e6eb54","created":1759741790161,"updated":1759741790161,"creator_id":"IBMid-6920008HJD","updater_id":"IBMid-6920008HJD"},{"catalog_id":"69487231-bfd4-47d5-8e6f-938832ef5344","project_id":"d6e393d3-a3a7-4714-9650-4d3922e6eb54","asset_id":"e05ecc2f-70e0-422a-8995-c8302844191e","relationship_name":"wxbi-mdi-parent","relationship_display_name":"Parent asset","asset_type":"metadata_import","href":"https://api.dataplatform.cloud.ibm.com/v2/assets/e05ecc2f-70e0-422a-8995-c8302844191e?project_id=d6e393d3-a3a7-4714-9650-4d3922e6eb54","created":1759741790161,"updated":1759741790161,"creator_id":"IBMid-6920008HJD","updater_id":"IBMid-6920008HJD"}]},{"relationship_ends":[{"catalog_id":"69487231-bfd4-47d5-8e6f-938832ef5344","project_id":"d6e393d3-a3a7-4714-9650-4d3922e6eb54","asset_id":"ebc53758-12d4-4e31-8356-6d79e1934e49","relationship_name":"uses","relationship_display_name":"Uses","asset_type":"job","href":"https://api.dataplatform.cloud.ibm.com/v2/assets/ebc53758-12d4-4e31-8356-6d79e1934e49?project_id=d6e393d3-a3a7-4714-9650-4d3922e6eb54","created":1759741832985,"updated":1759741832985,"creator_id":"IBMid-6920008HJD","updater_id":"IBMid-6920008HJD","localized_display_name":{"default":"Uses","en":"Uses","de":"Verwendet","es":"Usos","fr":"Utilisations","it":"Utilizza","ja":"使用","ko":"사용","pt":"Usa","ru":"Использует","sv":"Använder","zh":"使用","zh-TW":"使用","pl":"Używa","eo":"$dad2c6ab#Uses]}"}},{"catalog_id":"69487231-bfd4-47d5-8e6f-938832ef5344","project_id":"d6e393d3-a3a7-4714-9650-4d3922e6eb54","asset_id":"4d1268f0-f682-4666-997d-8a0bd8d31e0c","relationship_name":"is_used_by","relationship_display_name":"Is used by","asset_type":"metadata_enrichment_area","href":"https://api.dataplatform.cloud.ibm.com/v2/assets/4d1268f0-f682-4666-997d-8a0bd8d31e0c?project_id=d6e393d3-a3a7-4714-9650-4d3922e6eb54","created":1759741832985,"updated":1759741832985,"creator_id":"IBMid-6920008HJD","updater_id":"IBMid-6920008HJD","localized_display_name":{"default":"Is used by","en":"Is used by","de":"Wird verwendet von","es":"Es utilizado por","fr":"Est utilisé par","it":"Viene utilizzato da","ja":"使用される","ko":"은(는) 다음에 의해 사용됨","pt":"É usado por","ru":"Используется","sv":"Används av","zh":"被使用","zh-TW":"由下列項目使用","pl":"Jest używane przez","eo":"$9392c9de#Is used by]}"}}]},{"relationship_ends":[{"catalog_id":"69487231-bfd4-47d5-8e6f-938832ef5344","project_id":"d6e393d3-a3a7-4714-9650-4d3922e6eb54","asset_id":"139f5b33-65e6-4e71-aa5d-5045c1f18972","relationship_name":"wxbi-mea","relationship_display_name":"Metadata enrichment area","asset_type":"wxbi_semantic_model","href":"https://api.dataplatform.cloud.ibm.com/v2/assets/139f5b33-65e6-4e71-aa5d-5045c1f18972?project_id=d6e393d3-a3a7-4714-9650-4d3922e6eb54","created":1759741833899,"updated":1759741833899,"creator_id":"IBMid-6920008HJD","updater_id":"IBMid-6920008HJD"},{"catalog_id":"69487231-bfd4-47d5-8e6f-938832ef5344","project_id":"d6e393d3-a3a7-4714-9650-4d3922e6eb54","asset_id":"4d1268f0-f682-4666-997d-8a0bd8d31e0c","relationship_name":"wxbi-mea-parent","relationship_display_name":"Parent asset","asset_type":"metadata_enrichment_area","href":"https://api.dataplatform.cloud.ibm.com/v2/assets/4d1268f0-f682-4666-997d-8a0bd8d31e0c?project_id=d6e393d3-a3a7-4714-9650-4d3922e6eb54","created":1759741833899,"updated":1759741833899,"creator_id":"IBMid-6920008HJD","updater_id":"IBMid-6920008HJD"}]},{"relationship_ends":[{"catalog_id":"69487231-bfd4-47d5-8e6f-938832ef5344","project_id":"d6e393d3-a3a7-4714-9650-4d3922e6eb54","asset_id":"d4a318bc-fc47-4e6e-a78c-8777369cb938","relationship_name":"has_constraint","relationship_display_name":"Has constraint","asset_type":"data_asset","href":"https://api.dataplatform.cloud.ibm.com/v2/data_assets/d4a318bc-fc47-4e6e-a78c-8777369cb938?project_id=d6e393d3-a3a7-4714-9650-4d3922e6eb54","created":1759742008170,"updated":1759742008170,"creator_id":"iam-ServiceId-1e70d006-6759-47d2-a7a9-ea2b309baf79","updater_id":"iam-ServiceId-1e70d006-6759-47d2-a7a9-ea2b309baf79","localized_display_name":{"default":"Has constraint","en":"Has constraint","de":"Hat Einschränkung","es":"Tiene restricción","fr":"A une contrainte","it":"Ha vincolo","ja":"制約あり","ko":"제한조건이 있음","pt":"Tem restrição","ru":"Имеет ограничение","sv":"Har begränsning","zh":"具有约束","zh-TW":"具有限制","pl":"Ma ograniczenie","eo":"$821422d6#Has constraint]}"}},{"catalog_id":"69487231-bfd4-47d5-8e6f-938832ef5344","project_id":"d6e393d3-a3a7-4714-9650-4d3922e6eb54","asset_id":"630669ed-c11a-4f3f-be4d-6e320d2647b6","relationship_name":"constrains_asset","relationship_display_name":"Constrains","asset_type":"physical_constraint","href":"https://api.dataplatform.cloud.ibm.com/v2/assets/630669ed-c11a-4f3f-be4d-6e320d2647b6?project_id=d6e393d3-a3a7-4714-9650-4d3922e6eb54","created":1759742008170,"updated":1759742008170,"creator_id":"iam-ServiceId-1e70d006-6759-47d2-a7a9-ea2b309baf79","updater_id":"iam-ServiceId-1e70d006-6759-47d2-a7a9-ea2b309baf79","localized_display_name":{"default":"Constrains","en":"Constrains","de":"Einschränkungen","es":"Restricciones","fr":"Contraintes","it":"Vincoli","ja":"制約","ko":"제한조건","pt":"Restrições","ru":"Ограничения","sv":"Begränsar","zh":"约束","zh-TW":"限制"}}]},{"relationship_ends":[{"catalog_id":"69487231-bfd4-47d5-8e6f-938832ef5344","project_id":"d6e393d3-a3a7-4714-9650-4d3922e6eb54","asset_id":"bfeab135-75c8-4676-b297-5f37dcab13ab","relationship_name":"has_constraint","relationship_display_name":"Has constraint","asset_type":"data_asset","href":"https://api.dataplatform.cloud.ibm.com/v2/data_assets/bfeab135-75c8-4676-b297-5f37dcab13ab?project_id=d6e393d3-a3a7-4714-9650-4d3922e6eb54","created":1759742011727,"updated":1759742011727,"creator_id":"iam-ServiceId-1e70d006-6759-47d2-a7a9-ea2b309baf79","updater_id":"iam-ServiceId-1e70d006-6759-47d2-a7a9-ea2b309baf79","localized_display_name":{"default":"Has constraint","en":"Has constraint","de":"Hat Einschränkung","es":"Tiene restricción","fr":"A une contrainte","it":"Ha vincolo","ja":"制約あり","ko":"제한조건이 있음","pt":"Tem restrição","ru":"Имеет ограничение","sv":"Har begränsning","zh":"具有约束","zh-TW":"具有限制","pl":"Ma ograniczenie","eo":"$821422d6#Has constraint]}"}},{"catalog_id":"69487231-bfd4-47d5-8e6f-938832ef5344","project_id":"d6e393d3-a3a7-4714-9650-4d3922e6eb54","asset_id":"2255dda0-e6f2-4873-b777-88d6441a95ad","relationship_name":"constrains_asset","relationship_display_name":"Constrains","asset_type":"physical_constraint","href":"https://api.dataplatform.cloud.ibm.com/v2/assets/2255dda0-e6f2-4873-b777-88d6441a95ad?project_id=d6e393d3-a3a7-4714-9650-4d3922e6eb54","created":1759742011727,"updated":1759742011727,"creator_id":"iam-ServiceId-1e70d006-6759-47d2-a7a9-ea2b309baf79","updater_id":"iam-ServiceId-1e70d006-6759-47d2-a7a9-ea2b309baf79","localized_display_name":{"default":"Constrains","en":"Constrains","de":"Einschränkungen","es":"Restricciones","fr":"Contraintes","it":"Vincoli","ja":"制約","ko":"제한조건","pt":"Restrições","ru":"Ограничения","sv":"Begränsar","zh":"约束","zh-TW":"限制"}}]},{"relationship_ends":[{"catalog_id":"69487231-bfd4-47d5-8e6f-938832ef5344","project_id":"d6e393d3-a3a7-4714-9650-4d3922e6eb54","asset_id":"d4a318bc-fc47-4e6e-a78c-8777369cb938","relationship_name":"has_constraint","relationship_display_name":"Has constraint","asset_type":"data_asset","href":"https://api.dataplatform.cloud.ibm.com/v2/data_assets/d4a318bc-fc47-4e6e-a78c-8777369cb938?project_id=d6e393d3-a3a7-4714-9650-4d3922e6eb54","created":1759742020588,"updated":1759742020588,"creator_id":"iam-ServiceId-1e70d006-6759-47d2-a7a9-ea2b309baf79","updater_id":"iam-ServiceId-1e70d006-6759-47d2-a7a9-ea2b309baf79","localized_display_name":{"default":"Has constraint","en":"Has constraint","de":"Hat Einschränkung","es":"Tiene restricción","fr":"A une contrainte","it":"Ha vincolo","ja":"制約あり","ko":"제한조건이 있음","pt":"Tem restrição","ru":"Имеет ограничение","sv":"Har begränsning","zh":"具有约束","zh-TW":"具有限制","pl":"Ma ograniczenie","eo":"$821422d6#Has constraint]}"}},{"catalog_id":"69487231-bfd4-47d5-8e6f-938832ef5344","project_id":"d6e393d3-a3a7-4714-9650-4d3922e6eb54","asset_id":"81c9c1e6-a0b7-48fe-b2b5-1423b82a5def","relationship_name":"constrains_asset","relationship_display_name":"Constrains","asset_type":"physical_constraint","href":"https://api.dataplatform.cloud.ibm.com/v2/assets/81c9c1e6-a0b7-48fe-b2b5-1423b82a5def?project_id=d6e393d3-a3a7-4714-9650-4d3922e6eb54","created":1759742020588,"updated":1759742020588,"creator_id":"iam-ServiceId-1e70d006-6759-47d2-a7a9-ea2b309baf79","updater_id":"iam-ServiceId-1e70d006-6759-47d2-a7a9-ea2b309baf79","localized_display_name":{"default":"Constrains","en":"Constrains","de":"Einschränkungen","es":"Restricciones","fr":"Contraintes","it":"Vincoli","ja":"制約","ko":"제한조건","pt":"Restrições","ru":"Ограничения","sv":"Begränsar","zh":"约束","zh-TW":"限制"}}]},{"relationship_ends":[{"catalog_id":"69487231-bfd4-47d5-8e6f-938832ef5344","project_id":"d6e393d3-a3a7-4714-9650-4d3922e6eb54","asset_id":"bfeab135-75c8-4676-b297-5f37dcab13ab","relationship_name":"referenced_by_constraint","relationship_display_name":"Is referenced by","asset_type":"data_asset","href":"https://api.dataplatform.cloud.ibm.com/v2/data_assets/bfeab135-75c8-4676-b297-5f37dcab13ab?project_id=d6e393d3-a3a7-4714-9650-4d3922e6eb54","created":1759742020891,"updated":1759742020891,"creator_id":"iam-ServiceId-1e70d006-6759-47d2-a7a9-ea2b309baf79","updater_id":"iam-ServiceId-1e70d006-6759-47d2-a7a9-ea2b309baf79","localized_display_name":{"default":"Is referenced by","en":"Is referenced by","de":"Wird referenziert von","es":"Se le hace referencia en","fr":"Est référencé par","it":"È riferimento di","ja":"参照元","ko":"참조 대상","pt":"É referenciado por","ru":"Есть ссылки от","sv":"Refereras av","zh":"被以下对象引用：","zh-TW":"參照者","pl":"Jest przywoływane przez","eo":"$30d4e7dd#Is referenced by]}"}},{"catalog_id":"69487231-bfd4-47d5-8e6f-938832ef5344","project_id":"d6e393d3-a3a7-4714-9650-4d3922e6eb54","asset_id":"81c9c1e6-a0b7-48fe-b2b5-1423b82a5def","relationship_name":"references_asset","relationship_display_name":"References","asset_type":"physical_constraint","href":"https://api.dataplatform.cloud.ibm.com/v2/assets/81c9c1e6-a0b7-48fe-b2b5-1423b82a5def?project_id=d6e393d3-a3a7-4714-9650-4d3922e6eb54","created":1759742020891,"updated":1759742020891,"creator_id":"iam-ServiceId-1e70d006-6759-47d2-a7a9-ea2b309baf79","updater_id":"iam-ServiceId-1e70d006-6759-47d2-a7a9-ea2b309baf79","localized_display_name":{"default":"References","en":"References","de":"Referenzen","es":"Referencias","fr":"Références","it":"Riferimenti","ja":"参照","ko":"참조","pt":"Referências","ru":"Ссылки","sv":"Referenser","zh":"引用","zh-TW":"參照","pl":"Odniesienia","eo":"$2d6e9434#References]}"}}]}]
