{"metadata":{"asset_id":"018d0b0f-344d-47c5-b141-ed10eb4ae09e","asset_type":"connection","asset_category":"USER","create_time":"2025-10-06T09:08:45.000Z","creator_id":"IBMid-6920008HJD","project_id":"d6e393d3-a3a7-4714-9650-4d3922e6eb54","resource_key":"0000:0000:0000:0000:0000:FFFF:A93C:8ADE|32102|wxbia_samples","usage":{"last_access_time":"2025-10-06T09:08:45.309Z","last_accessor_id":"IBMid-6920008HJD","access_count":0}},"entity":{"datasource_type":"048ed1bf-516c-46f0-ae90-fa3349d8bc1c","data_source_definition_searchable":"10c6f3a7-cbac-4c0c-99fa-9643ce8ad455.0135ec03d5bf43b196433793c98e8bd5.databases.appdomain.cloud|32102|wxbia_samples","name":"WXBI_SAMPLES","flags":["personal_credentials"],"origin_country":"us","owner_id":"IBMid-6920008HJD","rov":{"mode":0,"member_roles":{"IBMid-6920008HJD":{"user_iam_id":"IBMid-6920008HJD","roles":["OWNER"]}}},"properties":{"proxy":"false","database":"wxbia_samples","port":"32102","query_timeout":"300","host":"10c6f3a7-cbac-4c0c-99fa-9643ce8ad455.0135ec03d5bf43b196433793c98e8bd5.databases.appdomain.cloud","retry_limit":"2"},"interaction_properties":{"source":[{"name":"_java._heap_size","type":"integer","label":"Heap size","description":"Specify the maximum Java Virtual Machine heap size in megabytes.","descriptionHasLink":false,"required":false,"masked":false,"hidden":false,"readonly":false,"uiOnly":false,"multiline":false,"multichoice":false,"default_value":"256","displayGroup":"other","displayOrdinal":2147483647,"supported_products":["datastage_scapi"],"user_defined":false,"user_defined_for_external":false},{"name":"add_proccode_column","type":"boolean","label":"Add procedure return value to schema","description":"Adds the ProcCode column which consists of the procedure return code to the schema.","descriptionHasLink":false,"required":false,"masked":false,"hidden":false,"readonly":false,"uiOnly":false,"multiline":false,"multichoice":false,"default_value":"false","displayGroup":"generalSource","displayOrdinal":75,"supported_products":["datastage_scapi"],"user_defined":false,"user_defined_for_external":false},{"name":"before_after.after","type":"string","label":"After SQL","description":"Enter the SQL statement to run once after all data is processed.","descriptionHasLink":false,"required":false,"masked":false,"hidden":false,"readonly":false,"uiOnly":false,"multiline":true,"multichoice":false,"default_value":"","displayGroup":"before_after","displayOrdinal":400,"supported_products":["datastage_scapi"],"user_defined":false,"user_defined_for_external":false},{"name":"before_after.after.fail_on_error","type":"boolean","label":"Fail on error After SQL","description":"Abort the job if there is an error executing a command","descriptionHasLink":false,"required":false,"masked":false,"hidden":false,"readonly":false,"uiOnly":false,"multiline":false,"multichoice":false,"default_value":"true","displayGroup":"before_after","displayOrdinal":600,"supported_products":["datastage_scapi"],"user_defined":false,"user_defined_for_external":false},{"name":"before_after.after.read_from_file_after_sql","type":"boolean","label":"Read After SQL statement from file","description":"Select Yes to read the SQL statement from the file that is specified in the After SQL statement property.","descriptionHasLink":false,"required":false,"masked":false,"hidden":false,"readonly":false,"uiOnly":false,"multiline":false,"multichoice":false,"default_value":"false","displayGroup":"before_after","displayOrdinal":500,"supported_environments":["private"],"supported_products":["datastage_scapi"],"user_defined":false,"user_defined_for_external":false},{"name":"before_after.after_node","type":"string","label":"After SQL (node)","description":"Enter the SQL statement to run once on each node after all data is processed on that node.","descriptionHasLink":false,"required":false,"masked":false,"hidden":false,"readonly":false,"uiOnly":false,"multiline":true,"multichoice":false,"default_value":"","displayGroup":"before_after","displayOrdinal":1000,"supported_products":["datastage_scapi"],"user_defined":false,"user_defined_for_external":false},{"name":"before_after.after_node.fail_on_error","type":"boolean","label":"Fail on error After SQL (node)","description":"Abort the job if there is an error executing a command","descriptionHasLink":false,"required":false,"masked":false,"hidden":false,"readonly":false,"uiOnly":false,"multiline":false,"multichoice":false,"default_value":"true","displayGroup":"before_after","displayOrdinal":1200,"supported_products":["datastage_scapi"],"user_defined":false,"user_defined_for_external":false},{"name":"before_after.after_node.read_from_file_after_sql_node","type":"boolean","label":"Read After SQL (node) statement from file","description":"Select Yes to read the SQL statement from the file that is specified in the After SQL (node) statement property.","descriptionHasLink":false,"required":false,"masked":false,"hidden":false,"readonly":false,"uiOnly":false,"multiline":false,"multichoice":false,"default_value":"false","displayGroup":"before_after","displayOrdinal":1100,"supported_environments":["private"],"supported_products":["datastage_scapi"],"user_defined":false,"user_defined_for_external":false},{"name":"before_after.before","type":"string","label":"Before SQL","description":"Enter the SQL statement to run once before any data is processed.","descriptionHasLink":false,"required":false,"masked":false,"hidden":false,"readonly":false,"uiOnly":false,"multiline":true,"multichoice":false,"default_value":"","displayGroup":"before_after","displayOrdinal":100,"supported_products":["datastage_scapi"],"user_defined":false,"user_defined_for_external":false},{"name":"before_after.before.fail_on_error","type":"boolean","label":"Fail on error Before SQL","description":"Abort the job if there is an error executing a command","descriptionHasLink":false,"required":false,"masked":false,"hidden":false,"readonly":false,"uiOnly":false,"multiline":false,"multichoice":false,"default_value":"true","displayGroup":"before_after","displayOrdinal":300,"supported_products":["datastage_scapi"],"user_defined":false,"user_defined_for_external":false},{"name":"before_after.before.read_from_file_before_sql","type":"boolean","label":"Read Before SQL statement from file","description":"Select Yes to read the SQL statement from the file that is specified in the Before SQL statement property.","descriptionHasLink":false,"required":false,"masked":false,"hidden":false,"readonly":false,"uiOnly":false,"multiline":false,"multichoice":false,"default_value":"false","displayGroup":"before_after","displayOrdinal":200,"supported_environments":["private"],"supported_products":["datastage_scapi"],"user_defined":false,"user_defined_for_external":false},{"name":"before_after.before_node","type":"string","label":"Before SQL (node)","description":"Enter the SQL statement to run once on each node before any data is processed on that node.","descriptionHasLink":false,"required":false,"masked":false,"hidden":false,"readonly":false,"uiOnly":false,"multiline":true,"multichoice":false,"default_value":"","displayGroup":"before_after","displayOrdinal":700,"supported_products":["datastage_scapi"],"user_defined":false,"user_defined_for_external":false},{"name":"before_after.before_node.fail_on_error","type":"boolean","label":"Fail on error Before SQL (node)","description":"Abort the job if there is an error executing a command","descriptionHasLink":false,"required":false,"masked":false,"hidden":false,"readonly":false,"uiOnly":false,"multiline":false,"multichoice":false,"default_value":"true","displayGroup":"before_after","displayOrdinal":900,"supported_products":["datastage_scapi"],"user_defined":false,"user_defined_for_external":false},{"name":"before_after.before_node.read_from_file_before_sql_node","type":"boolean","label":"Read Before SQL (node) statement from file","description":"Select Yes to read the SQL statement from the file that is specified in the Before SQL (node) statement property.","descriptionHasLink":false,"required":false,"masked":false,"hidden":false,"readonly":false,"uiOnly":false,"multiline":false,"multichoice":false,"default_value":"false","displayGroup":"before_after","displayOrdinal":800,"supported_environments":["private"],"supported_products":["datastage_scapi"],"user_defined":false,"user_defined_for_external":false},{"name":"byte_limit","type":"string","label":"Byte limit","description":"The maximum number of bytes to return. Use any of following suffixes to change the unit: KB, MB, GB, or TB. A value of 0 returns all data.","placeholder":"100MB","descriptionHasLink":false,"required":false,"masked":false,"hidden":false,"readonly":false,"uiOnly":false,"multiline":false,"multichoice":false,"displayGroup":"limitsSource","displayOrdinal":20,"user_defined":false,"user_defined_for_external":false},{"name":"call_statement","type":"string","label":"Call procedure statement","description":"The SQL statement to execute the stored procedure","descriptionHasLink":false,"required":false,"masked":false,"hidden":false,"readonly":false,"uiOnly":false,"multiline":true,"multichoice":false,"displayGroup":"sqlSource","displayOrdinal":50,"user_defined":false,"user_defined_for_external":false},{"name":"default_max_string_binary_precision","type":"integer","label":"Default maximum length for columns","description":"Default maximum length for columns. This property can be set/is applicable only when runtime column propagation is used","descriptionHasLink":false,"required":false,"masked":false,"hidden":false,"readonly":false,"uiOnly":false,"multiline":false,"multichoice":false,"default_value":"20000","displayGroup":"generalSource","displayOrdinal":2000,"supported_products":["datastage_scapi"],"user_defined":false,"user_defined_for_external":false},{"name":"forward_row_data","type":"boolean","label":"Forward row data","description":"Move all input columns to the Output link","descriptionHasLink":false,"required":false,"masked":false,"hidden":false,"readonly":false,"uiOnly":false,"multiline":false,"multichoice":false,"default_value":"false","displayGroup":"generalSource","displayOrdinal":80,"supported_products":["datastage_scapi"],"user_defined":false,"user_defined_for_external":false},{"name":"generate_unicode_columns","type":"boolean","label":"Generate unicode type columns","description":"Generate unicode type columns. This property can be set/is applicable only when runtime column propagation is used","descriptionHasLink":false,"required":false,"masked":false,"hidden":false,"readonly":false,"uiOnly":false,"multiline":false,"multichoice":false,"default_value":"false","displayGroup":"generalSource","displayOrdinal":0,"supported_products":["datastage_scapi"],"user_defined":false,"user_defined_for_external":false},{"name":"has_ref_output","type":"boolean","label":"Has reference output","description":"Set to true if stage has an output reference link","descriptionHasLink":false,"required":false,"masked":false,"hidden":true,"readonly":false,"uiOnly":false,"multiline":false,"multichoice":false,"default_value":"false","displayGroup":"general","displayOrdinal":75,"supported_products":["datastage_scapi"],"user_defined":false,"user_defined_for_external":false},{"name":"key_column_names","type":"string","label":"Key column names","description":"A comma separated list of column names to override the primary key used for partitioning. The connector algorithm will try to select partitioning index from this list.","descriptionHasLink":false,"required":false,"masked":false,"hidden":false,"readonly":false,"uiOnly":false,"multiline":false,"multichoice":false,"displayGroup":"generalSource","displayOrdinal":70,"user_defined":false,"user_defined_for_external":false},{"name":"lookup_type","type":"enum","label":"Lookup Type","description":"Lookup Type","descriptionHasLink":false,"required":false,"masked":false,"hidden":false,"readonly":false,"uiOnly":false,"multiline":false,"multichoice":false,"default_value":"empty","values":[{"value":"empty","label":"Normal"},{"value":"pxbridge","label":"Sparse"}],"displayGroup":"general","displayOrdinal":50,"supported_products":["datastage_scapi"],"user_defined":false,"user_defined_for_external":false},{"name":"procedure_name","type":"string","label":"Procedure name","description":"The name of the stored procedure to be executed","descriptionHasLink":false,"required":false,"masked":false,"hidden":false,"readonly":false,"uiOnly":false,"multiline":false,"multichoice":false,"displayGroup":"generalSource","displayOrdinal":30,"supported_products":["datastage_scapi"],"user_defined":false,"user_defined_for_external":false},{"name":"push_filters","type":"string","label":"Push filters","description":"Filters as Spark SQL to be pushed to the data source","descriptionHasLink":false,"required":false,"masked":false,"hidden":true,"readonly":false,"uiOnly":false,"multiline":false,"multichoice":false,"displayGroup":"other","displayOrdinal":2147483647,"user_defined":false,"user_defined_for_external":false},{"name":"pushed_filters","type":"string","label":"Pushed filters","description":"Inferred property that returns filters as Spark SQL that were pushed to the data source","descriptionHasLink":false,"required":false,"masked":false,"hidden":true,"readonly":false,"uiOnly":false,"multiline":false,"multichoice":false,"displayGroup":"other","displayOrdinal":2147483647,"user_defined":false,"user_defined_for_external":false},{"name":"query_timeout","type":"integer","label":"Query Timeout","description":"Specify the Query Timeout. If not specified the default value of 300 seconds or 5 minutes will be used.","descriptionHasLink":false,"required":false,"masked":false,"hidden":false,"readonly":false,"uiOnly":false,"multiline":false,"multichoice":false,"displayGroup":"generalSource","displayOrdinal":100,"user_defined":false,"user_defined_for_external":false},{"name":"rcp","type":"boolean","label":"Infer schema","description":"Obtain the schema from the data source","descriptionHasLink":false,"required":false,"masked":false,"hidden":true,"readonly":false,"uiOnly":false,"multiline":false,"multichoice":false,"default_value":"true","displayGroup":"other","displayOrdinal":2147483647,"user_defined":false,"user_defined_for_external":false},{"name":"read_mode","type":"enum","label":"Read method","description":"The method for reading records from the table","descriptionHasLink":false,"required":false,"masked":false,"hidden":false,"readonly":false,"uiOnly":false,"multiline":false,"multichoice":false,"default_value":"general","values":[{"value":"call","label":"Call procedure","supported_products":["datastage_scapi"]},{"value":"call_statement","label":"Call procedure statement","supported_products":["datastage_scapi"]},{"value":"general","label":"General"},{"value":"select","label":"Select statement"}],"displayGroup":"generalSource","displayOrdinal":5,"user_defined":false,"user_defined_for_external":false},{"name":"rejected_filters","type":"string","label":"Rejected filters","description":"Inferred property that returns filters as Spark SQL that could not be pushed to the data source and still need to be evaluated","descriptionHasLink":false,"required":false,"masked":false,"hidden":true,"readonly":false,"uiOnly":false,"multiline":false,"multichoice":false,"displayGroup":"other","displayOrdinal":2147483647,"user_defined":false,"user_defined_for_external":false},{"name":"row_limit","type":"integer","label":"Row limit","description":"The maximum number of rows to return","placeholder":"1000","descriptionHasLink":false,"required":false,"masked":false,"hidden":false,"readonly":false,"uiOnly":false,"multiline":false,"multichoice":false,"displayGroup":"limitsSource","displayOrdinal":10,"user_defined":false,"user_defined_for_external":false},{"name":"sampling_percentage","type":"string","label":"Sampling percentage","description":"Percentage for each row or block to be included in the sample","descriptionHasLink":false,"required":false,"masked":false,"hidden":false,"readonly":false,"uiOnly":false,"multiline":false,"multichoice":false,"displayGroup":"sampling","displayOrdinal":20,"user_defined":false,"user_defined_for_external":false},{"name":"sampling_seed","type":"integer","label":"Sampling seed","description":"Seed to be used for getting a repeatable sample","descriptionHasLink":false,"required":false,"masked":false,"hidden":false,"readonly":false,"uiOnly":false,"multiline":false,"multichoice":false,"displayGroup":"sampling","displayOrdinal":30,"user_defined":false,"user_defined_for_external":false},{"name":"sampling_type","type":"enum","label":"Sampling type","description":"Indicates which data sampling type should be used in the select statement","descriptionHasLink":false,"required":false,"masked":false,"hidden":false,"readonly":false,"uiOnly":false,"multiline":false,"multichoice":false,"default_value":"none","values":[{"value":"block","label":"Block level sampling"},{"value":"none","label":"None"},{"value":"random","label":"Random sampling"},{"value":"row","label":"Row level sampling"}],"displayGroup":"sampling","displayOrdinal":10,"user_defined":false,"user_defined_for_external":false},{"name":"schema_name","type":"string","label":"Schema name","description":"The name of the schema that contains the table to read from","descriptionHasLink":false,"required":false,"masked":false,"hidden":false,"readonly":false,"uiOnly":false,"multiline":false,"multichoice":false,"displayGroup":"generalSource","displayOrdinal":20,"user_defined":false,"user_defined_for_external":false},{"name":"select_statement","type":"string","label":"Select statement","description":"The SQL SELECT statement for retrieving data from the table","descriptionHasLink":false,"required":true,"masked":false,"hidden":false,"readonly":false,"uiOnly":false,"multiline":true,"multichoice":false,"displayGroup":"sqlSource","displayOrdinal":50,"user_defined":false,"user_defined_for_external":false},{"name":"select_statement.read_from_file_select","type":"boolean","label":"Read select statement from file","description":"Select to read the SELECT statement from the file that is specified in the SELECT statement property.","descriptionHasLink":false,"required":false,"masked":false,"hidden":false,"readonly":false,"uiOnly":false,"multiline":false,"multichoice":false,"default_value":"false","displayGroup":"sqlSource","displayOrdinal":55,"supported_environments":["private"],"supported_products":["datastage_scapi"],"user_defined":false,"user_defined_for_external":false},{"name":"table_name","type":"string","label":"Table name","description":"The name of the table to read from","descriptionHasLink":false,"required":true,"masked":false,"hidden":false,"readonly":false,"uiOnly":false,"multiline":false,"multichoice":false,"displayGroup":"generalSource","displayOrdinal":70,"user_defined":false,"user_defined_for_external":false},{"name":"transform","type":"string","label":"Transform","description":"Specifies if the transform capability is used","descriptionHasLink":false,"required":false,"masked":false,"hidden":true,"readonly":false,"uiOnly":false,"multiline":false,"multichoice":false,"default_value":"false","displayGroup":"generalSource","displayOrdinal":2147483647,"user_defined":false,"user_defined_for_external":false},{"name":"user_defined_function","type":"boolean","label":"User defined function","description":"Specify if a user defined function is expected.","descriptionHasLink":false,"required":false,"masked":false,"hidden":false,"readonly":false,"uiOnly":false,"multiline":false,"multichoice":false,"displayGroup":"generalSource","displayOrdinal":40,"supported_products":["datastage_scapi"],"user_defined":false,"user_defined_for_external":false}],"target":[{"name":"_java._heap_size","type":"integer","label":"Heap size","description":"Specify the maximum Java Virtual Machine heap size in megabytes.","descriptionHasLink":false,"required":false,"masked":false,"hidden":false,"readonly":false,"uiOnly":false,"multiline":false,"multichoice":false,"default_value":"256","displayGroup":"other","displayOrdinal":2147483647,"supported_products":["datastage_scapi"],"user_defined":false,"user_defined_for_external":false},{"name":"batch_size","type":"integer","label":"Batch size","description":"Number of records to be included in each batch","descriptionHasLink":false,"required":false,"masked":false,"hidden":false,"readonly":false,"uiOnly":false,"multiline":false,"multichoice":false,"default_value":"2000","displayGroup":"other","displayOrdinal":2147483647,"supported_products":["datastage_scapi"],"user_defined":false,"user_defined_for_external":false},{"name":"before_after.after","type":"string","label":"After SQL","description":"Enter the SQL statement to run once after all data is processed.","descriptionHasLink":false,"required":false,"masked":false,"hidden":false,"readonly":false,"uiOnly":false,"multiline":true,"multichoice":false,"default_value":"","displayGroup":"before_after","displayOrdinal":400,"supported_products":["datastage_scapi"],"user_defined":false,"user_defined_for_external":false},{"name":"before_after.after.fail_on_error","type":"boolean","label":"Fail on error After SQL","description":"Abort the job if there is an error executing a command","descriptionHasLink":false,"required":false,"masked":false,"hidden":false,"readonly":false,"uiOnly":false,"multiline":false,"multichoice":false,"default_value":"true","displayGroup":"before_after","displayOrdinal":600,"supported_products":["datastage_scapi"],"user_defined":false,"user_defined_for_external":false},{"name":"before_after.after.read_from_file_after_sql","type":"boolean","label":"Read After SQL statement from file","description":"Select Yes to read the SQL statement from the file that is specified in the After SQL statement property.","descriptionHasLink":false,"required":false,"masked":false,"hidden":false,"readonly":false,"uiOnly":false,"multiline":false,"multichoice":false,"default_value":"false","displayGroup":"before_after","displayOrdinal":500,"supported_environments":["private"],"supported_products":["datastage_scapi"],"user_defined":false,"user_defined_for_external":false},{"name":"before_after.after_node","type":"string","label":"After SQL (node)","description":"Enter the SQL statement to run once on each node after all data is processed on that node.","descriptionHasLink":false,"required":false,"masked":false,"hidden":false,"readonly":false,"uiOnly":false,"multiline":true,"multichoice":false,"default_value":"","displayGroup":"before_after","displayOrdinal":1000,"supported_products":["datastage_scapi"],"user_defined":false,"user_defined_for_external":false},{"name":"before_after.after_node.fail_on_error","type":"boolean","label":"Fail on error After SQL (node)","description":"Abort the job if there is an error executing a command","descriptionHasLink":false,"required":false,"masked":false,"hidden":false,"readonly":false,"uiOnly":false,"multiline":false,"multichoice":false,"default_value":"true","displayGroup":"before_after","displayOrdinal":1200,"supported_products":["datastage_scapi"],"user_defined":false,"user_defined_for_external":false},{"name":"before_after.after_node.read_from_file_after_sql_node","type":"boolean","label":"Read After SQL (node) statement from file","description":"Select Yes to read the SQL statement from the file that is specified in the After SQL (node) statement property.","descriptionHasLink":false,"required":false,"masked":false,"hidden":false,"readonly":false,"uiOnly":false,"multiline":false,"multichoice":false,"default_value":"false","displayGroup":"before_after","displayOrdinal":1100,"supported_environments":["private"],"supported_products":["datastage_scapi"],"user_defined":false,"user_defined_for_external":false},{"name":"before_after.before","type":"string","label":"Before SQL","description":"Enter the SQL statement to run once before any data is processed.","descriptionHasLink":false,"required":false,"masked":false,"hidden":false,"readonly":false,"uiOnly":false,"multiline":true,"multichoice":false,"default_value":"","displayGroup":"before_after","displayOrdinal":100,"supported_products":["datastage_scapi"],"user_defined":false,"user_defined_for_external":false},{"name":"before_after.before.fail_on_error","type":"boolean","label":"Fail on error Before SQL","description":"Abort the job if there is an error executing a command","descriptionHasLink":false,"required":false,"masked":false,"hidden":false,"readonly":false,"uiOnly":false,"multiline":false,"multichoice":false,"default_value":"true","displayGroup":"before_after","displayOrdinal":300,"supported_products":["datastage_scapi"],"user_defined":false,"user_defined_for_external":false},{"name":"before_after.before.read_from_file_before_sql","type":"boolean","label":"Read Before SQL statement from file","description":"Select Yes to read the SQL statement from the file that is specified in the Before SQL statement property.","descriptionHasLink":false,"required":false,"masked":false,"hidden":false,"readonly":false,"uiOnly":false,"multiline":false,"multichoice":false,"default_value":"false","displayGroup":"before_after","displayOrdinal":200,"supported_environments":["private"],"supported_products":["datastage_scapi"],"user_defined":false,"user_defined_for_external":false},{"name":"before_after.before_node","type":"string","label":"Before SQL (node)","description":"Enter the SQL statement to run once on each node before any data is processed on that node.","descriptionHasLink":false,"required":false,"masked":false,"hidden":false,"readonly":false,"uiOnly":false,"multiline":true,"multichoice":false,"default_value":"","displayGroup":"before_after","displayOrdinal":700,"supported_products":["datastage_scapi"],"user_defined":false,"user_defined_for_external":false},{"name":"before_after.before_node.fail_on_error","type":"boolean","label":"Fail on error Before SQL (node)","description":"Abort the job if there is an error executing a command","descriptionHasLink":false,"required":false,"masked":false,"hidden":false,"readonly":false,"uiOnly":false,"multiline":false,"multichoice":false,"default_value":"true","displayGroup":"before_after","displayOrdinal":900,"supported_products":["datastage_scapi"],"user_defined":false,"user_defined_for_external":false},{"name":"before_after.before_node.read_from_file_before_sql_node","type":"boolean","label":"Read Before SQL (node) statement from file","description":"Select Yes to read the SQL statement from the file that is specified in the Before SQL (node) statement property.","descriptionHasLink":false,"required":false,"masked":false,"hidden":false,"readonly":false,"uiOnly":false,"multiline":false,"multichoice":false,"default_value":"false","displayGroup":"before_after","displayOrdinal":800,"supported_environments":["private"],"supported_products":["datastage_scapi"],"user_defined":false,"user_defined_for_external":false},{"name":"call_each_row","type":"boolean","label":"Execute procedure for each row","description":"Executes procedure for each row","descriptionHasLink":false,"required":false,"masked":false,"hidden":false,"readonly":false,"uiOnly":false,"multiline":false,"multichoice":false,"default_value":"true","displayGroup":"generalTarget","displayOrdinal":75,"supported_products":["datastage_scapi"],"user_defined":false,"user_defined_for_external":false},{"name":"call_statement","type":"string","label":"Call procedure statement","description":"The SQL statement to execute the stored procedure","descriptionHasLink":false,"required":false,"masked":false,"hidden":false,"readonly":false,"uiOnly":false,"multiline":true,"multichoice":false,"displayGroup":"sqlTarget","displayOrdinal":50,"supported_products":["datastage_scapi"],"user_defined":false,"user_defined_for_external":false},{"name":"create_statement","type":"string","label":"Create statement","description":"The Create DDL statement for recreating the target table","descriptionHasLink":false,"required":false,"masked":false,"hidden":false,"readonly":false,"uiOnly":false,"multiline":true,"multichoice":false,"displayGroup":"sqlTarget","displayOrdinal":5,"user_defined":false,"user_defined_for_external":false},{"name":"existing_table_action","type":"enum","label":"Table action","description":"The action to take on the target table, if it already exists, to handle the existing and new data sets","descriptionHasLink":false,"required":false,"masked":false,"hidden":true,"readonly":false,"uiOnly":false,"multiline":false,"multichoice":false,"default_value":"append","values":[{"value":"append","label":"Append"},{"value":"merge","label":"Merge"},{"value":"replace","label":"Replace"},{"value":"truncate","label":"Truncate"},{"value":"update","label":"Updated"}],"displayGroup":"other","displayOrdinal":2147483647,"user_defined":false,"user_defined_for_external":false},{"name":"has_reject_output","type":"boolean","label":"Has reject output","description":"Set to true if stage has an output reject link","descriptionHasLink":false,"required":false,"masked":false,"hidden":true,"readonly":false,"uiOnly":false,"multiline":false,"multichoice":false,"default_value":"false","displayGroup":"general","displayOrdinal":75,"supported_products":["datastage","datastage_scapi"],"user_defined":false,"user_defined_for_external":false},{"name":"key_column_names","type":"string","label":"Key column names","description":"A comma separated list of column names to override the primary key used during an update or merge","descriptionHasLink":false,"required":false,"masked":false,"hidden":false,"readonly":false,"uiOnly":false,"multiline":false,"multichoice":false,"displayGroup":"generalTarget","displayOrdinal":60,"user_defined":false,"user_defined_for_external":false},{"name":"procedure_name","type":"string","label":"Stored procedure name","description":"The name of the stored procedure to be executed","descriptionHasLink":false,"required":false,"masked":false,"hidden":false,"readonly":false,"uiOnly":false,"multiline":false,"multichoice":false,"displayGroup":"generalTarget","displayOrdinal":30,"supported_products":["datastage_scapi"],"user_defined":false,"user_defined_for_external":false},{"name":"query_timeout","type":"integer","label":"Query Timeout","description":"Specify the Query Timeout. If not specified the default value of 300 seconds or 5 minutes will be used.","descriptionHasLink":false,"required":false,"masked":false,"hidden":false,"readonly":false,"uiOnly":false,"multiline":false,"multichoice":false,"displayGroup":"generalTarget","displayOrdinal":100,"user_defined":false,"user_defined_for_external":false},{"name":"schema_name","type":"string","label":"Schema name","description":"The name of the schema that contains the table to write to","descriptionHasLink":false,"required":false,"masked":false,"hidden":false,"readonly":false,"uiOnly":false,"multiline":false,"multichoice":false,"displayGroup":"generalTarget","displayOrdinal":20,"user_defined":false,"user_defined_for_external":false},{"name":"static_statement","type":"string","label":"Static statement","description":"The SQL used for setup operations, for example a CREATE statement","descriptionHasLink":false,"required":true,"masked":false,"hidden":false,"readonly":false,"uiOnly":false,"multiline":true,"multichoice":false,"displayGroup":"sqlTarget","displayOrdinal":20,"user_defined":false,"user_defined_for_external":false},{"name":"table_action","type":"enum","label":"Table action","description":"The action to take on the target table to handle the new data set","descriptionHasLink":false,"required":false,"masked":false,"hidden":false,"readonly":false,"uiOnly":false,"multiline":false,"multichoice":false,"default_value":"append","values":[{"value":"append","label":"Append"},{"value":"replace","label":"Replace"},{"value":"truncate","label":"Truncate"}],"displayGroup":"generalTarget","displayOrdinal":50,"user_defined":false,"user_defined_for_external":false},{"name":"table_name","type":"string","label":"Table name","description":"The name of the table to write to","descriptionHasLink":false,"required":false,"masked":false,"hidden":false,"readonly":false,"uiOnly":false,"multiline":false,"multichoice":false,"displayGroup":"generalTarget","displayOrdinal":40,"user_defined":false,"user_defined_for_external":false},{"name":"update_statement","type":"string","label":"Update statement","description":"The SQL INSERT, UPDATE, MERGE, or DELETE statement for updating data in the table.","descriptionHasLink":false,"required":false,"masked":false,"hidden":false,"readonly":false,"uiOnly":false,"multiline":true,"multichoice":false,"displayGroup":"sqlTarget","displayOrdinal":10,"user_defined":false,"user_defined_for_external":false},{"name":"update_statement.read_from_file_update","type":"boolean","label":"Read update statement from file","description":"Select to read the UPDATE statement from the file that is specified in the UPDATE statement property.","descriptionHasLink":false,"required":false,"masked":false,"hidden":false,"readonly":false,"uiOnly":false,"multiline":false,"multichoice":false,"default_value":"false","displayGroup":"sqlTarget","displayOrdinal":15,"supported_environments":["private"],"supported_products":["datastage_scapi"],"user_defined":false,"user_defined_for_external":false},{"name":"write_mode","type":"enum","label":"Write mode","description":"The mode for writing records to the target table","descriptionHasLink":false,"required":false,"masked":false,"hidden":false,"readonly":false,"uiOnly":false,"multiline":false,"multichoice":false,"default_value":"insert","values":[{"value":"call","label":"Call procedure","supported_products":["datastage_scapi"]},{"value":"call_statement","label":"Call procedure statement","supported_products":["datastage_scapi"]},{"value":"insert","label":"Insert"},{"value":"merge","label":"Merge"},{"value":"static_statement","label":"Static statement","supported_products":["ai_factsheet","autoai","catalog","cde","cpd","dashboardsonprem","decision_optimization","deployments","dph","dv","dvaas_ga","federated_learning","governance","manta_legacy","masking_flow","mde","mdi","notebook","orchestration_pipelines","rstudio","spss_modeler","wxbia"]},{"value":"update","label":"Update"},{"value":"update_statement","label":"Update statement","supported_products":["ai_factsheet","autoai","catalog","cde","cpd","dashboardsonprem","datastage","datastage_scapi","decision_optimization","deployments","dph","dv","dvaas_ga","federated_learning","governance","manta_legacy","masking_flow","mde","mdi","notebook","orchestration_pipelines","rstudio","spss_modeler","wxbia"]},{"value":"update_statement_table_action","label":"Update statement with table action","supported_products":["ai_factsheet","autoai","catalog","cde","cpd","dashboardsonprem","datastage","datastage_scapi","decision_optimization","deployments","dph","dv","dvaas_ga","federated_learning","governance","manta_legacy","masking_flow","mde","mdi","notebook","orchestration_pipelines","rstudio","spss_modeler","wxbia"]}],"displayGroup":"generalTarget","displayOrdinal":10,"user_defined":false,"user_defined_for_external":false}]}}}
