{"metadata":{"asset_id":"dc2cd37a-dd7d-4bd0-bf8e-2f860a30c6a8","asset_attributes":["job"],"name":"Sales Model - WXBI_SAMPLES job","asset_type":"job","created_at":"2025-10-06T09:09:49Z","origin_country":"us","owner_id":"IBMid-6920008HJD","project_id":"d6e393d3-a3a7-4714-9650-4d3922e6eb54","size":0,"usage":{"last_update_time":1759741789190,"last_updated_at":"2025-10-06T09:09:49Z"}},"entity":{"job":{"asset_ref_type":"metadata_import","configuration":{"env_type":"","env_variables":[]},"last_run_initiator":"deprecated field","last_run_time":"deprecated field","last_run_status":"deprecated field","last_run_status_timestamp":0,"future_scheduled_runs":[],"enable_notifications":true,"project_name":"Sales Analysis","asset_ref":"e05ecc2f-70e0-422a-8995-c8302844191e","schedule_id":"","schedule_creator_id":""}}}
