{"metadata":{"asset_id":"ebc53758-12d4-4e31-8356-6d79e1934e49","asset_attributes":["job"],"name":"Sales Model","asset_type":"job","created_at":"2025-10-06T09:10:32Z","origin_country":"us","owner_id":"IBMid-6920008HJD","project_id":"d6e393d3-a3a7-4714-9650-4d3922e6eb54","size":0,"usage":{"last_update_time":1759741832782,"last_updated_at":"2025-10-06T09:10:32Z"}},"entity":{"job":{"asset_ref_type":"metadata_enrichment_area","configuration":{"env_type":"","env_variables":[]},"last_run_initiator":"deprecated field","last_run_time":"deprecated field","last_run_status":"deprecated field","last_run_status_timestamp":0,"future_scheduled_runs":[],"enable_notifications":true,"project_name":"Sales Analysis","asset_ref":"4d1268f0-f682-4666-997d-8a0bd8d31e0c","schedule_id":"","schedule_creator_id":""}}}
