{"metadata":{"asset_id":"6c699236-5bbc-4e37-9fb9-efb720beb135","asset_attributes":["job_run","location_definition"],"name":"job run","asset_type":"job_run","created_at":"2025-10-06T09:09:51Z","origin_country":"us","owner_id":"IBMid-6920008HJD","project_id":"d6e393d3-a3a7-4714-9650-4d3922e6eb54","size":0,"usage":{"last_update_time":1759741818951,"last_updated_at":"2025-10-06T09:10:18Z"}},"entity":{"job_run":{"job_ref":"dc2cd37a-dd7d-4bd0-bf8e-2f860a30c6a8","job_name":"Sales Model - WXBI_SAMPLES job","job_type":"metadata_import","state":"Completed","isScheduledRun":false,"configuration":{"env_type":"","env_variables":[],"discovery":{"metadata":{"id":"060df649-a868-4407-9599-e90ea0157930","invoked_by":"IBMid-6920008HJD","bss_account_id":"3b7d9d39413040999c89f565c656fa8e","created_at":1759741792525,"started_at":1759741796292,"discovered_at":1759741801968,"processed_at":1759741801968,"finished_at":1759741813289},"entity":{"statistics":{"discovered":2,"discovered_with_children":2,"submit_succ":2,"submit_fail":0,"create_succ":2,"create_fail":0,"create_succ_with_children":2,"create_fail_with_children":0,"number_of_new_assets":2,"number_of_updated_assets":0,"number_of_removed_assets":0,"discovery_skipped":0},"status":"COMPLETED","connection_id":"018d0b0f-344d-47c5-b141-ed10eb4ae09e","project_id":"d6e393d3-a3a7-4714-9650-4d3922e6eb54","unified_lineage":true,"job_id":"dc2cd37a-dd7d-4bd0-bf8e-2f860a30c6a8","job_run_id":"6c699236-5bbc-4e37-9fb9-efb720beb135","metadata_import_id":"e05ecc2f-70e0-422a-8995-c8302844191e","import_type":"metadata","scope":{"paths":["/sample_hr/sls_order_method_dim","/sample_hr/sls_sales_fact"]},"extra_properties":{"datasourceType":"048ed1bf-516c-46f0-ae90-fa3349d8bc1c","job_run_logLocation":"d6e393d3-a3a7-4714-9650-4d3922e6eb54/mdi/jobrunlog-c7db1673-3ae5-4cff-bf6c-a7532af2ee39.txt","projectType":"wxbi","include_primary_key":"true","exclude_tables":"false","metadata_from_catalog_table_only":"false","include_foreign_key":"true","exclude_views":"false","include_asset_lifecycle_timestamps":"false","discoveryProcessCompleted":"true","isDiscoveryPausedByExecutionWindow":"false"}}},"metrics":{"import_type":"metadata","status":"Completed","completed_at":"2025-10-06T09:10:13Z","accumulated_duration_seconds":20,"discovery":{"summary":{"discovery_completed":true,"status":"COMPLETED","in_progress":0,"completed":2,"failed":0,"total":2,"skipped":0,"new_assets":2,"updated_assets":0,"removed_assets":0},"failed_assets":[]}}},"project_name":"Sales Analysis","runtime_job_id":"060df649-a868-4407-9599-e90ea0157930","last_state_change_timestamp":"2025-10-06T09:10:18Z","duration":19},"location_definition":{"physical_location_code":"DAL","physical_location_code_assigned_by":"IBMid-6920008HJD","physical_location_code_rds_id":"c57cb90f-2126-3800-9c9f-9eab82021cdf","physical_location_code_rds_version":"00002025-0930-4144-8704-814775000000_5","physical_location_code_assignment_method":"INFERRED","physical_location_code_added_on":"1759741793536"}},"attachments":[{"id":"64d37c94-34d7-4578-88ec-b235345a16dc","version":2,"asset_type":"job_run","name":"6c699236-5bbc-4e37-9fb9-efb720beb135","description":"log for job run 6c699236-5bbc-4e37-9fb9-efb720beb135","mime":"application/json","datasource_type":"193a97c1-4475-4a19-b90c-295c4fdc6517","object_key":"d6e393d3-a3a7-4714-9650-4d3922e6eb54/mdi/jobrunlog-c7db1673-3ae5-4cff-bf6c-a7532af2ee39.txt","creator_id":"IBMid-6920008HJD","create_time":1759741793538,"size":0,"is_remote":false,"is_managed":false,"is_referenced":true,"is_object_key_read_only":false,"is_user_provided_path_key":true,"transfer_complete":true,"is_partitioned":true,"complete_time_ticks":1759741793538,"user_data":{},"test_doc":0,"handle":{"bucket":"salesanalysis-donotdelete-pr-imh11cd6q1tusx","location":"us-south","type":"bluemix_cos","key":"d6e393d3-a3a7-4714-9650-4d3922e6eb54/mdi/jobrunlog-c7db1673-3ae5-4cff-bf6c-a7532af2ee39.txt","upload_id":"done","max_part_num":1},"usage":{"access_count":0,"last_accessor_id":"IBMid-6920008HJD","last_access_time":1759741793538}}]}
