{"metadata":{"asset_id":"36b75836-4248-4977-9c6d-e6a70545cfb9","asset_attributes":["job_run","location_definition"],"name":"job run","asset_type":"job_run","created_at":"2025-10-06T09:11:01Z","origin_country":"us","owner_id":"IBMid-6920008HJD","project_id":"d6e393d3-a3a7-4714-9650-4d3922e6eb54","size":0,"usage":{"last_update_time":1759742125625,"last_updated_at":"2025-10-06T09:15:25Z"}},"entity":{"job_run":{"job_ref":"ebc53758-12d4-4e31-8356-6d79e1934e49","job_name":"Sales Model","job_type":"metadata_enrichment_area","state":"Completed","isScheduledRun":false,"configuration":{"env_type":"","env_variables":[],"skip_notifications":false,"metrics":{"type":"all","status":"Completed","started_at":"2025-10-06T09:11:01.636+00:00","accumulated_duration_seconds":262,"enrichment_settings":{"enrichment_area_objective":{"enrichment_options":{"structured":{"profile":true,"assign_terms":true,"analyze_quality":false,"analyze_relationships":false,"semantic_expansion":true,"data_search":true,"dq_gen_constraints":false}},"governance_scope":[{"id":"4304461c-1443-484c-a1d9-bc489e37bfee","type":"category"}],"sampling":{"structured":{"method":"random","analysis_method":"fixed","sample_size":{"name":"CUSTOM","options":{"row_number":10000}}}},"datascope_of_reruns":"all"},"project_enrichment_settings":{"structured_profiling":{"null_threshold":0.05,"uniqueness_threshold":0.95,"constant_threshold":0.99,"quality_score_threshold":0.8,"data_class_assignment_threshold":0.75,"data_class_suggestion_threshold":0.25,"dq_exceptions_database":{"location":{},"count":100},"bivariate_statistics":true},"term_assignment":{"class_based_assignments":true,"term_assignment_threshold":0.6,"term_suggestion_threshold":0.5,"name_matching":true,"ml_based_assignments_default":true,"ml_based_assignments_custom":false,"system_business_reference":false,"evaluate_negative_assignments":false,"default_ml_configuration":{"scope":"project"},"llm_based_assignments":true,"rule_based_assignments":false},"classification":{"terms_based_assignments":true,"class_based_assignments":true},"semantic_expansion":{"use_data_from_profiling_samples":false,"use_assets_with_assigned_display_names":true,"assets_with_assigned_display_names_container_type":"project","name_expansion":true,"name_expansion_configuration":{"engine":"llm","assignment_threshold":0.9,"suggestion_threshold":0.75},"description_generation":true,"description_generation_configuration":{"assignment_threshold":1,"suggestion_threshold":0.75}},"key_analysis":{"pk_shallow_analysis_config":{"min_confidence":0.8},"fk_shallow_analysis_config":{"min_confidence":0.8,"auto_selection":true,"auto_selection_threshold":0.9}},"advanced_profiling":{"unique_value_table":{"location":{},"count":1000}}}},"summary":{"pending":0,"in_progress":0,"completed":2,"failed":0,"total":2,"not_found":0},"enrichment_options":{"profile":{"enabled":true,"summary":{"pending":0,"in_progress":0,"completed":2,"failed":0,"skipped":0}},"assign_terms":{"enabled":true,"summary":{"pending":0,"in_progress":0,"completed":2,"failed":0,"skipped":0}},"analyze_relationships":{"enabled":false},"semantic_expansion":{"enabled":true,"summary":{"pending":0,"in_progress":0,"completed":2,"failed":0,"skipped":0}},"analyze_quality":{"enabled":false},"dq_gen_constraints":{"enabled":false},"dq_sla":{"enabled":false},"data_search":{"enabled":true,"summary":{"pending":0,"in_progress":0,"completed":2,"failed":0,"skipped":0}}},"failed_assets":{},"hb_tasks":{"summary":{"pending":0,"in_progress":0,"completed":1,"failed":0,"total":1,"stopped":0},"tasks":[{"hbtask_id":"38d2428d-2aa5-4b3b-b205-e8ff8f412690","hb_job_id":"0139fa0b-7674-40c3-b4bb-9b1563fef25f","final_status":"COMPLETED","events":[{"counter":1,"status":"CREATED","time":"2025-10-06T09:11:37.599411556Z"},{"counter":2,"status":"SUBMITTED","time":"2025-10-06T09:11:41.505255035Z"},{"counter":1,"status":"RUNNING","time":"2025-10-06T09:12:51.348919396Z"},{"counter":1,"status":"COMPLETED","time":"2025-10-06T09:14:17.859888197Z"}]}]},"model_infos":[{"model_id":"0c4a5869-e21e-46d2-8235-cfaf04666670","finished_at":"2025-10-06T09:14:31.000+00:00","model_description":"Model generated by automatic training on 2025-10-06T09:14:20Z. Reason to initiate training: No previous model found","model_details":{"Number of distinct columns":0,"Number of term rejects":0,"Number of tables":0,"Model version":"1.2","Number of categories":3,"Number of term assignments":0,"Number of terms":104}}]}},"project_name":"Sales Analysis","resource_usage":0,"last_state_change_timestamp":"2025-10-06T09:15:25Z","duration":263},"location_definition":{"physical_location_code":"DAL","physical_location_code_assigned_by":"IBMid-6920008HJD","physical_location_code_rds_id":"c57cb90f-2126-3800-9c9f-9eab82021cdf","physical_location_code_rds_version":"00002025-0930-4144-8704-814775000000_5","physical_location_code_assignment_method":"INFERRED","physical_location_code_added_on":"1759742125472"}},"attachments":[{"id":"a8c2259f-0fd0-47ce-8787-24727e7e7059","version":2,"asset_type":"job_run","name":"36b75836-4248-4977-9c6d-e6a70545cfb9","description":"log for job run 36b75836-4248-4977-9c6d-e6a70545cfb9","mime":"application/json","datasource_type":"193a97c1-4475-4a19-b90c-295c4fdc6517","object_key":"mdesm/jobRunLog_36b75836-4248-4977-9c6d-e6a70545cfb9.txt","creator_id":"IBMid-6920008HJD","create_time":1759742125474,"size":0,"is_remote":false,"is_managed":false,"is_referenced":true,"is_object_key_read_only":false,"is_user_provided_path_key":true,"transfer_complete":true,"is_partitioned":true,"complete_time_ticks":1759742125474,"user_data":{},"test_doc":0,"handle":{"bucket":"salesanalysis-donotdelete-pr-imh11cd6q1tusx","location":"us-south","type":"bluemix_cos","key":"mdesm/jobRunLog_36b75836-4248-4977-9c6d-e6a70545cfb9.txt","upload_id":"done","max_part_num":1},"usage":{"access_count":0,"last_accessor_id":"IBMid-6920008HJD","last_access_time":1759742125474}}]}
