{"metadata":{},"entity":{"result_asset":{"name":"PK_bfeab135-75c8-4676-b297-5f37dcab13ab_909de06e89d9f50e_8","metadata_enrichment_area_id":"4d1268f0-f682-4666-997d-8a0bd8d31e0c","key_analysis_area_id":"58297eba-4d1c-407b-9cbc-c716a4037e13","key_analysis_result_id":"662e86a3-c1c1-4d82-b68d-9af6fd4f6c85","data_asset":"bfeab135-75c8-4676-b297-5f37dcab13ab","data_asset_name":"sls_sales_fact","analysis_type":"pk_shallow","has_relation":false,"related_assigned_primary_key":false,"keys":["employee_key","order_day_key","order_method_key","organization_key","product_key","promotion_key","retailer_key","retailer_site_key"],"confidence":1,"num_of_columns":8,"status":"assigned","internal_status":"assigned","is_defined":false,"auto_assign":false,"modified_at":1759742010083}}}
