{"metadata":{},"entity":{"result_asset":{"name":"FK_d4a318bc-fc47-4e6e-a78c-8777369cb938_-1456466030_AND_bfeab135-75c8-4676-b297-5f37dcab13ab_-1456466030","metadata_enrichment_area_id":"4d1268f0-f682-4666-997d-8a0bd8d31e0c","key_analysis_area_id":"58297eba-4d1c-407b-9cbc-c716a4037e13","key_analysis_result_id":"1f53c0bf-6bbb-4244-9625-74abcc6f8b25","data_asset":"d4a318bc-fc47-4e6e-a78c-8777369cb938","data_asset_name":"sls_order_method_dim","target_data_asset":"bfeab135-75c8-4676-b297-5f37dcab13ab","target_data_asset_name":"sls_sales_fact","analysis_type":"fk_shallow","has_relation":false,"related_assigned_primary_key":false,"keys":["order_method_key"],"target_keys":["order_method_key"],"confidence":1,"num_of_columns":1,"status":"assigned","internal_status":"assigned","is_defined":false,"auto_assign":false,"modified_at":1759742005754}}}
