{"metadata":{},"entity":{"result_asset":{"name":"PK_d4a318bc-fc47-4e6e-a78c-8777369cb938_2093964058","metadata_enrichment_area_id":"4d1268f0-f682-4666-997d-8a0bd8d31e0c","key_analysis_area_id":"58297eba-4d1c-407b-9cbc-c716a4037e13","key_analysis_result_id":"fb5dae90-906b-40bf-87d1-f5f0ac74fdf5","data_asset":"d4a318bc-fc47-4e6e-a78c-8777369cb938","data_asset_name":"sls_order_method_dim","analysis_type":"pk_shallow","has_relation":false,"related_assigned_primary_key":false,"keys":["order_method_code"],"confidence":1,"num_of_columns":1,"status":"suggested","internal_status":"suggested","is_defined":false,"auto_assign":false,"modified_at":1759742005754,"total_records":7,"unique_values":7,"null_values":0}}}
