{"metadata":{"rov":{"mode":0,"collaborator_ids":{},"member_roles":{"IBMid-6920008HJD":{"user_iam_id":"IBMid-6920008HJD","roles":["OWNER"]}}},"project_id":"d6e393d3-a3a7-4714-9650-4d3922e6eb54","sandbox_id":"d6e393d3-a3a7-4714-9650-4d3922e6eb54","usage":{"last_updated_at":"2025-10-06T09:11:14Z","last_updater_id":"IBMid-6920008HJD","last_update_time":1759741874077,"last_accessed_at":"2025-10-06T09:11:14Z","last_access_time":1759741874077,"last_accessor_id":"IBMid-6920008HJD","access_count":0},"name":"Sales Model","description":"Metadata enrichment area for Semantic Model: Sales Model","tags":[],"asset_type":"metadata_enrichment_area","origin_country":"us","rating":0,"total_ratings":0,"catalog_id":"69487231-bfd4-47d5-8e6f-938832ef5344","created":1759741827200,"created_at":"2025-10-06T09:10:27Z","owner_id":"IBMid-6920008HJD","size":0,"version":2,"asset_state":"available","asset_attributes":["metadata_enrichment_area","location_definition"],"asset_id":"4d1268f0-f682-4666-997d-8a0bd8d31e0c","asset_category":"USER","creator_id":"IBMid-6920008HJD"},"entity":{"metadata_enrichment_area":{"name":"Sales Model","description":"Metadata enrichment area for Semantic Model: Sales Model","job":{"name":"Sales Model","id":"ebc53758-12d4-4e31-8356-6d79e1934e49"},"objective":{"enrichment_options":{"structured":{"profile":true,"assign_terms":true,"analyze_quality":false,"analyze_relationships":false,"semantic_expansion":true,"data_search":true,"dq_gen_constraints":false}},"governance_scope":[{"id":"4304461c-1443-484c-a1d9-bc489e37bfee","type":"category"}],"sampling":{"structured":{"method":"random","analysis_method":"fixed","sample_size":{"name":"CUSTOM","options":{"row_number":10000}}}},"datascope_of_reruns":"all"},"status":"ready","data_scope_version":1,"key_analysis":{"key_analysis_id":"58297eba-4d1c-407b-9cbc-c716a4037e13"}},"location_definition":{"physical_location_code":"DAL","physical_location_code_assigned_by":"IBMid-6920008HJD","physical_location_code_rds_id":"c57cb90f-2126-3800-9c9f-9eab82021cdf","physical_location_code_rds_version":"00002025-0930-4144-8704-814775000000_5","physical_location_code_assignment_method":"INFERRED","physical_location_code_added_on":"1759741837324"}},"attachments":[],"href":"https://api.dataplatform.cloud.ibm.com/v2/assets/4d1268f0-f682-4666-997d-8a0bd8d31e0c?project_id=d6e393d3-a3a7-4714-9650-4d3922e6eb54"}
