{"metadata":{"asset_id":"e05ecc2f-70e0-422a-8995-c8302844191e","asset_type":"metadata_import","creator_id":"IBMid-6920008HJD","created_at":"1759741788380","project_id":"d6e393d3-a3a7-4714-9650-4d3922e6eb54","usage":{"last_updated_at":"2025-10-06T09:10:19Z","last_updater_id":"IBMid-6920008HJD","last_update_time":1759741819327,"last_accessed_at":"2025-10-06T09:10:19Z","last_access_time":1759741819327,"last_accessor_id":"IBMid-6920008HJD","access_count":0}},"entity":{"unified_lineage":true,"description":"Metadata import for semantic data model named Sales Model\nImports assets from connection: WXBI_SAMPLES","name":"Sales Model - WXBI_SAMPLES","import_type":"metadata","connection_id":"018d0b0f-344d-47c5-b141-ed10eb4ae09e","target_project_id":"d6e393d3-a3a7-4714-9650-4d3922e6eb54","job_id":"dc2cd37a-dd7d-4bd0-bf8e-2f860a30c6a8","scope":{"paths":["/sample_hr/sls_order_method_dim","/sample_hr/sls_sales_fact"]},"datasource_type":"database","last_run_started":1759741791739,"last_run_completed":1759741819214,"number_of_runs":1,"version":5,"number_of_new_assets":2,"number_of_updated_assets":0,"number_of_removed_assets":0,"mde_enabled":true,"migrate_tags":false,"reimport_options":{"delete_when_deleted_at_source":false,"delete_when_removed_from_scope":false,"update_description":true,"update_column_descriptions":true,"update_name":true},"import_options":{"extract_dependency":false,"column_level_global_search":false,"include_primary_key":true,"exclude_tables":false,"metadata_from_catalog_table_only":false,"include_foreign_key":true,"exclude_views":false,"import_incremental_changes_only":true,"include_datastage_job_runs":false,"include_asset_lifecycle_timestamps":false},"goal":"metadata"}}
