{"metadata":{"asset_id":"630669ed-c11a-4f3f-be4d-6e320d2647b6","asset_attributes":["physical_constraint"],"name":"PK_CONSTRAINT sls_order_method_dim","asset_type":"physical_constraint","created_at":"2025-10-06T09:13:28Z","origin_country":"us","owner_id":"iam-ServiceId-1e70d006-6759-47d2-a7a9-ea2b309baf79","project_id":"d6e393d3-a3a7-4714-9650-4d3922e6eb54","size":0,"usage":{"last_update_time":1759742008007,"last_updated_at":"2025-10-06T09:13:28Z"}},"entity":{"physical_constraint":{"name":"PK_CONSTRAINT sls_order_method_dim","constraint_type":"PRIMARY KEY","keys":["order_method_key"],"enforced":false}}}
