{"metadata":{"asset_id":"81c9c1e6-a0b7-48fe-b2b5-1423b82a5def","asset_attributes":["physical_constraint"],"name":"FK_CONSTRAINT sls_order_method_dim sls_sales_fact","asset_type":"physical_constraint","created_at":"2025-10-06T09:13:38Z","origin_country":"us","owner_id":"iam-ServiceId-1e70d006-6759-47d2-a7a9-ea2b309baf79","project_id":"d6e393d3-a3a7-4714-9650-4d3922e6eb54","size":0,"usage":{"last_update_time":1759742018892,"last_updated_at":"2025-10-06T09:13:38Z"}},"entity":{"physical_constraint":{"name":"FK_CONSTRAINT sls_order_method_dim sls_sales_fact","constraint_type":"FOREIGN KEY","keys":["order_method_key"],"target_keys":["order_method_key"],"enforced":false}}}
