{"metadata":{"asset_id":"2255dda0-e6f2-4873-b777-88d6441a95ad","asset_attributes":["physical_constraint"],"name":"PK_CONSTRAINT sls_sales_fact","asset_type":"physical_constraint","created_at":"2025-10-06T09:13:31Z","origin_country":"us","owner_id":"iam-ServiceId-1e70d006-6759-47d2-a7a9-ea2b309baf79","project_id":"d6e393d3-a3a7-4714-9650-4d3922e6eb54","size":0,"usage":{"last_update_time":1759742011319,"last_updated_at":"2025-10-06T09:13:31Z"}},"entity":{"physical_constraint":{"name":"PK_CONSTRAINT sls_sales_fact","constraint_type":"PRIMARY KEY","keys":["employee_key","order_day_key","order_method_key","organization_key","product_key","promotion_key","retailer_key","retailer_site_key"],"enforced":false}}}
