{"metadata":{"asset_id":"c60df99e-2c62-457a-a5da-a2b7cb518686","asset_attributes":["term_assignment_model","location_definition"],"name":"term_assignment_model","asset_type":"term_assignment_model","created_at":"2025-10-06T09:14:29Z","description":"The term assignment model.","origin_country":"us","owner_id":"iam-ServiceId-3182fd5d-f9e3-433c-a5f9-73cdccd120c1","project_id":"d6e393d3-a3a7-4714-9650-4d3922e6eb54","size":56693,"usage":{"last_update_time":1759742073618,"last_updated_at":"2025-10-06T09:14:33Z"}},"entity":{"term_assignment_model":{"description":"The term assignment model.","training":{"status":"success","started_at":"2025-10-06T09:14:26Z","user":"iam-ServiceId-eb1c9939-bebe-4050-b2b4-71328987739d","model_description":"Model generated by automatic training on 2025-10-06T09:14:20Z. Reason to initiate training: No previous model found","phase":"upload","model_details":{"use_data_profile":false,"Number of categories":3,"Number of terms":104,"Number of tables":0,"Number of distinct columns":0,"Number of term assignments":0,"Model version":"1.2","Number of term rejects":0},"finished_at":"2025-10-06T09:14:31Z","model_id":"0c4a5869-e21e-46d2-8235-cfaf04666670"},"project_id":"d6e393d3-a3a7-4714-9650-4d3922e6eb54","active_model":{"model_id":"0c4a5869-e21e-46d2-8235-cfaf04666670","origin":"training","finished_at":"2025-10-06T09:14:31Z","model_details":{"use_data_profile":false,"Number of categories":3,"Number of terms":104,"Number of tables":0,"Number of distinct columns":0,"Number of term assignments":0,"Model version":"1.2","Number of term rejects":0},"user":"iam-ServiceId-eb1c9939-bebe-4050-b2b4-71328987739d","model_description":"Model generated by automatic training on 2025-10-06T09:14:20Z. Reason to initiate training: No previous model found"}},"location_definition":{"physical_location_code":"DAL","physical_location_code_assigned_by":"iam-ServiceId-3182fd5d-f9e3-433c-a5f9-73cdccd120c1","physical_location_code_rds_id":"c57cb90f-2126-3800-9c9f-9eab82021cdf","physical_location_code_rds_version":"00002025-0930-4144-8704-814775000000_5","physical_location_code_assignment_method":"INFERRED","physical_location_code_added_on":"1759742072256"}},"attachments":[{"id":"0c4a5869-e21e-46d2-8235-cfaf04666670","version":2,"asset_type":"term_assignment_model","name":"term_assignment_model_d6e393d3-a3a7-4714-9650-4d3922e6eb54_c60df99e-2c62-457a-a5da-a2b7cb518686","mime":"application/octet-stream","datasource_type":"193a97c1-4475-4a19-b90c-295c4fdc6517","creator_id":"iam-ServiceId-3182fd5d-f9e3-433c-a5f9-73cdccd120c1","create_time":1759742072262,"size":56693,"is_remote":false,"is_managed":true,"is_referenced":false,"is_object_key_read_only":false,"is_user_provided_path_key":false,"transfer_complete":true,"is_partitioned":false,"complete_time_ticks":1759742073109,"user_data":{},"test_doc":0,"handle":{"bucket":"salesanalysis-donotdelete-pr-imh11cd6q1tusx","location":"us-south","type":"bluemix_cos","key":"69487231-bfd4-47d5-8e6f-938832ef5344/c60df99e-2c62-457a-a5da-a2b7cb518686/0c4a5869-e21e-46d2-8235-cfaf04666670","upload_id":"done","max_part_num":1},"usage":{"access_count":0,"last_accessor_id":"iam-ServiceId-3182fd5d-f9e3-433c-a5f9-73cdccd120c1","last_access_time":1759742072262}}]}
