{"metadata":{"asset_id":"139f5b33-65e6-4e71-aa5d-5045c1f18972","asset_attributes":["wxbi_semantic_model","location_definition"],"name":"Sales Model","asset_type":"wxbi_semantic_model","created_at":"2025-10-06T09:07:38Z","owner_id":"IBMid-6920008HJD","project_id":"d6e393d3-a3a7-4714-9650-4d3922e6eb54","size":35279,"usage":{"last_update_time":1759743042998,"last_updated_at":"2025-10-06T09:30:42Z"}},"entity":{"wxbi_semantic_model":{"bi_model":{"options":{"enrich_sources":true,"generate_metrics":false},"metadata_enrichment_area_info":{"area_id":"4d1268f0-f682-4666-997d-8a0bd8d31e0c"},"enrichment_review_state":"COMPLETED","identity_key":"Sales_Model_7a993004-ecc8-4afa-8dca-ef1430b9d5c8","revisionNumber":2}},"location_definition":{"physical_location_code":"DAL","physical_location_code_assigned_by":"IBMid-6920008HJD","physical_location_code_rds_id":"c57cb90f-2126-3800-9c9f-9eab82021cdf","physical_location_code_rds_version":"00002025-0930-4144-8704-814775000000_5","physical_location_code_assignment_method":"INFERRED","physical_location_code_added_on":"1759743042991"}},"attachments":[{"id":"0fdf1923-10bf-4823-9394-8b09ac3e15c1","version":2,"asset_type":"wxbi_semantic_model","datasource_type":"193a97c1-4475-4a19-b90c-295c4fdc6517","object_key":"Sales_Model_7a993004-ecc8-4afa-8dca-ef1430b9d5c8","creator_id":"IBMid-6920008HJD","create_time":1759743042997,"size":35279,"is_remote":false,"is_managed":false,"is_referenced":true,"is_object_key_read_only":false,"is_user_provided_path_key":true,"transfer_complete":true,"is_partitioned":false,"complete_time_ticks":1759743042997,"user_data":{},"test_doc":0,"handle":{"bucket":"salesanalysis-donotdelete-pr-imh11cd6q1tusx","location":"us-south","type":"bluemix_cos","key":"Sales_Model_7a993004-ecc8-4afa-8dca-ef1430b9d5c8","upload_id":"done","max_part_num":1},"usage":{"access_count":0,"last_accessor_id":"IBMid-6920008HJD","last_access_time":1759743042997}}]}
